name,ra,dec,z_src,z_def,year,kind,survey,paper
CL 1358+62,209.960625,62.518056,4.92,0.328,1997,CLUST-GAL,Serendipitous,1997ApJ...486L..75F
J0245-5302,41.366667,-53.042222,7.9,0.3,2018,CLUST-GAL,RELICS,2018ApJ...863..145C
J1615-0609,243.954167,-6.152222,6.9,0.203,2018,CLUST-GAL,RELICS,2018ApJ...859..159C
J0032+1807,8.045833,18.130278,6.5,0.396,2019,CLUST-GAL,RELICS,2019ApJ...884...85C
J2211-0349,332.929167,-3.829167,5.6,0.397,2018,CLUST-GAL,RELICS,2018ApJ...859..159C
J2308-0211,347.0875,-2.195556,5.6,0.297,2018,CLUST-GAL,RELICS,2018ApJ...859..159C
SDSS J0946+1835,146.5199753,18.59436343,4.799,0.388,2010,GAL-QSO,SQLS,2010AJ....140..370M
BRI0952-0115,148.75,-1.50139,4.5,0.632,2000,GAL-QSO,Serendipitous,2000ApJ...536..584L
SDSS J1621+0607,245.384833,6.121944,4.131,0.342,2012,GRP-GAL,SGAS,2012MNRAS.420.3213O
PSS2322+1944,350.52917,19.73972,4.1199,1.23,2002,GAL-QSO,Serendipitous,2002A&A...387..406C
COSMOS0018+3845,150.07666,2.6458333,3.96,0.9755,2008,GAL-GAL,COSMOS,2008ApJS..176...19F
MM18423+5938,130.5927887,59.641556,3.9296,1.1,2011,GAL-GAL,Serendipitous,2011ApJ...739L..30L
CY2201-3201,330.38333,-32.02889,3.9,0.32,2006,GAL-QSO,Serendipitous,2006ApJ...652..955C
APM08279+5255,127.92083,52.75472,3.87,1.06,1998,GAL-QSO,Serendipitous,1998ApJ...505..529I
Q1208+101,182.7375,9.90711,3.803,1.24,1992,GAL-QSO,Serendipitous,1992ApJ...386L...1M
J0332-3557,58.24975,-35.964361,3.773,0.986,2005,GAL-GAL,Serendipitous,2005A&A...436L..21C
B1422+231,216.15833,22.9335,3.62,0.34,1992,GAL-QSO,JVAS,1992MNRAS.259P...1P
SDSS J0903+5028,135.895612,50.47204106,3.605,0.388,2003,GAL-QSO,SQLS,2003AJ....126.2281J
Q0047-2808,12.42474667,-27.87401972,3.595,0.485,1996,GAL-QSO,Serendipitous,1996MNRAS.278..139W
PMN J1632-0033,248.240395,-0.55693,3.424,1.16,2002,GAL-QSO,Serendipitous,2002AJ....123...10W
HST J14176+5226,214.399,52.446,3.4,0.81,1995,GAL-GAL,Serendipitous,1995ApJ...453L...5R
MG2016+112,304.825,11.45371,3.27,1.01,1984,GAL-QSO,Serendipitous,1984Sci...223...46L
HATLAS J114637.9-001132,176.657913,-0.192222,3.2592,1.06,2012,GRP-GAL,H-ATLAS,2012MNRAS.423.2407F
1E 0657-56,104.65792,-55.95,3.24,0.296,1995,XRAY-CLUST,,1995ApJ...444..532T
MG0751+2716,117.92083,27.27538,3.2,0.35068,1993,GAL-QSO,Serendipitous,1993AAS...183.3307L
HS0818+1227,125.4125,12.29139,3.1144,0.39,2000,GAL-QSO,Serendipitous,2000A&A...357L..29H
MACS J0717.5+3745,109.378863,37.758261,2.963,0.546,2007,XRAY-CLUST,"MACS Lenses, CLASH",2007ApJ...661L..33E
SDSS J1318+3942,199.54796,39.70749,2.9437,0.4751,2010,GRP-GAL,"SBAS, CASSOWARY",2010ApJ...724L.137K
CFRS03.1077,45.62684722,0.101955001,2.941,0.938,2002,GAL-GAL,Serendipitous,2002ApJ...570...86C
CSWA 38,186.7153558,21.87373676,2.9233,0.42,2010,GAL-GAL,"CASSOWARY, SGAS",2010ApJ...723L..73K
SDSS J1155+6346,178.8222814,63.77279854,2.889,0.176,2004,GAL-QSO,SQLS,2004AJ....127.1318P
SDSS J2111-0114,317.830583,-1.239861,2.858,0.638,2009,GRP-GAL,SGAS,2009ApJ...699.1038O
SDSS J222825.76+120503.9,337.107361,12.084431,2.8324,0.5305,2016,GAL-GAL,BELLS GALLERY,2016ApJ...824...86S
SDSS J020121.39+322829.6,30.339148,32.474907,2.8209,0.3957,2016,GAL-GAL,BELLS GALLERY,2016ApJ...824...86S
HST J14113+5211,212.8315,52.19139,2.811,0.465,1998,GAL-GAL,Serendipitous,1998ApJ...503L.127F
RXJ0911+0551,137.8625,5.84778,2.8,0.77,1997,GAL-QSO,,1997A&A...317L..13B
SPT0538-50,84.57,-49.485556,2.782,0.404,2013,GAL-GAL,SPT,2013ApJ...767..132H
PMN J1838-3427,279.61667,-34.46139,2.78,0.36,2000,GAL-QSO,Serendipitous,2000AJ....120.2868W
SDSS J114154.71+221628.8,175.477966,22.274693,2.7624,0.5858,2016,GAL-GAL,BELLS GALLERY,2016ApJ...824...86S
CSWA 39,231.9375959,6.87607048,2.7593,0.39,2008,GAL-GAL,"CASSOWARY, SGAS",2008AJ....135..664H
SDSS J122656.45+545739.0,186.735245,54.960846,2.7322,0.498,2016,GAL-GAL,BELLS GALLERY,2016ApJ...824...86S
CSWA 21,5.67049154,14.51956525,2.73,0.38,2007,GAL-GAL,CASSOWARY,2007ApJ...662L..51A
Q0142-100,26.31967,-9.75572,2.719,0.49,1987,GAL-QSO,Serendipitous,1987Natur.329..695S
SDSS J1258+1657,194.5801691,16.95489576,2.701,0.505,2009,GAL-QSO,SQLS,2009AJ....137.4118I
SDSS J1011+0143,152.87083,1.72314,2.701,0.331,2006,GAL-GAL,Serendipitous,2006ApJ...646L..45B
FIRST J1004+1229,151.1035,12.48953,2.65,0.95,2002,GAL-QSO,Serendipitous,2002AJ....123.2925L
MG0414+0534,63.65417,5.57897,2.64,0.96,1989,GAL-QSO,Serendipitous,1989BAAS...21..718T
Abell 1703,198.752917,51.819444,2.627,0.277,2009,XRAY-CLUST,SGAS,2009A&A...498...37R
SDSS J011300.57+025046.2,18.252396,2.846168,2.6088,0.623,2016,GAL-GAL,BELLS GALLERY,2016ApJ...824...86S
H1413+117,213.94167,11.49472,2.55,2.5197,1988,GAL-QSO,Serendipitous,1988Natur.334..325M
Q1017-207,154.35,-20.78333,2.55,0.78,1996,GAL-QSO,Serendipitous,1996A&A...305L...9C
SDSS J0807+4410,121.881292,44.180139,2.536,0.449,2013,GAL-GAL,CASSOWARY,2013MNRAS.436.1040S
SDSS J0232-0323,38.207792,-3.390556,2.518,0.45,2013,GAL-GAL,CASSOWARY,2013MNRAS.436.1040S
PKS1830-211,278.4125,-21.06083,2.51,0.89,1988,GAL-QSO,Serendipitous,1988MNRAS.231..229P
SDSS J111040.42+364924.4,167.668442,36.823444,2.5024,0.733,2016,GAL-GAL,BELLS GALLERY,2016ApJ...824...86S
SDSS J1152+3313,178.000625,33.228361,2.491,0.362,2012,GRP-GAL,SGAS,2012MNRAS.420.3213O
SDSS J111634.55+091503.0,169.143997,9.250846,2.4536,0.5501,2016,GAL-GAL,BELLS GALLERY,2016ApJ...824...86S
SDSS J002927.38+254401.7,7.364118,25.73383,2.4504,0.5869,2016,GAL-GAL,BELLS GALLERY,2016ApJ...824...86S
SDSS J1138+0314,174.5155733,3.24939292,2.4427,0.445,2008,GAL-QSO,SQLS,2008AJ....135..496I
SDSS J1334+3315,203.5058217,33.25953773,2.4178,0.557,2011,GAL-QSO,SQLS,2011ApJ...738...30R
SDSS J091859.21+510452.5,139.746719,51.081276,2.403,0.5811,2016,GAL-GAL,BELLS GALLERY,2016ApJ...824...86S
J033238-275653,53.159208,-27.948111,2.4,0.6174,2004,GAL-GAL,Serendipitous,2004ApJ...602L...9B
SDSS J111027.11+280838.4,167.612961,28.144018,2.3999,0.6073,2016,GAL-GAL,BELLS GALLERY,2016ApJ...824...86S
SDSS J114833.14+193003.2,177.138083,19.500889,2.3811,0.4457,2007,GRP-GAL,"SBAS, CASSOWARY",2007ApJ...671L...9B
SDSS J074249.68+334148.9,115.707024,33.696941,2.3633,0.4936,2016,GAL-GAL,BELLS GALLERY,2016ApJ...824...86S
SDSS J091807.86+451856.7,139.532776,45.315769,2.344,0.5238,2016,GRP-GAL,BELLS GALLERY,2016ApJ...824...86S
HE1104-1805,166.6375,-18.35667,2.319,0.729,1993,GAL-QSO,HE survey,1993A&A...278L..15W
SDSS J234248.68-012032.5,355.70285,-1.342371,2.2649,0.527,2016,GAL-GAL,BELLS GALLERY,2016ApJ...824...86S
SDSS J0901+1814,135.343208,18.242306,2.2558,0.3459,2009,GRP-GAL,"CASSOWARY, SBAS",2009ApJ...701...52H
SDSS J023740.63-064112.9,39.41933,-6.686942,2.2491,0.4859,2016,GAL-GAL,BELLS GALLERY,2016ApJ...824...86S
SDSS J0819+5356,124.9992009,53.94005893,2.239,0.29364,2009,GAL-QSO,SQLS,2009AJ....137.4118I
SDSS J085621.59+201040.5,134.089966,20.177931,2.2335,0.5074,2016,GAL-GAL,BELLS GALLERY,2016ApJ...824...86S
PMN J0134-0931,23.64583,-9.51722,2.216,0.77,2002,GAL-QSO,Serendipitous,2002ApJ...564..143W
CSWA 2.2,159.6778661,48.82229409,2.2,0.426,2008,GRP-GAL,CASSOWARY,2008MNRAS.388..384D
SDSS J1029+2623,157.3080943,26.38832296,2.197,0.58,2006,CLUST-QSO,SQLS,2006ApJ...653L..97I
SDSS J0952+3434,148.1676,34.57947,2.1896,0.3491,2010,GRP-GAL,SBAS,2010ApJ...724L.137K
SDSS J1304+2001,196.18161,20.0178397,2.175,0.373,2010,GAL-QSO,SQLS,2010AJ....139.1614K
SDSS J0743+2457,115.9692449,24.96212419,2.165,0.381,2012,GAL-QSO,"SQLS, UKIDSS",2012MNRAS.419.2014J
HE0230-2130,38.1405,-21.29056,2.162,0.526,1999,GAL-QSO,HE survey,1999A&A...348L..41W
SDSS J1008+1937,152.2490633,19.621517,2.162,0.30606,2009,GRP-GAL,CASSOWARY,2009MNRAS.392..104B
SDSS J1420+3955,215.168042,39.919389,2.161,0.607,2012,GRP-GAL,SGAS,2012MNRAS.420.3213O
SDSS J1406+6126,211.6034491,61.44469838,2.13382,0.271,2007,GAL-QSO,SQLS,2007AJ....133..206I
SDSS J0105+0145,16.332875,1.74975,2.127,0.361,2013,GAL-GAL,CASSOWARY,2013MNRAS.436.1040S
SDSS J120159.02+474323.2,180.495941,47.72311,2.1258,0.5628,2016,GAL-GAL,BELLS GALLERY,2016ApJ...824...86S
HST J15433+5352,235.83333,53.86444,2.092,0.497,1999,GAL-GAL,Serendipitous,1999AJ....117.2010R
SDSS J2243-0935,340.8325,-9.591917,2.091,0.447,2011,GRP-GAL,SGAS,2011ApJS..193....8B
B1938+666,294.60563,66.81464,2.059,0.881,1996,GAL-QSO,JVAS,1996AJ....111..642R
SDSS J1515+1511,228.9108075,15.19330263,2.054,0.742,2012,GAL-QSO,SQLS,2012AJ....143..119I
MACS J002523.4-121942,6.347930556,-12.32868022,2.047,0.582,2008,GAL-GAL,MACS Lenses,2008ApJ...687..959B
SDSS J1329+2243,202.393708,22.721167,2.04,0.443,2012,GRP-GAL,SGAS,2012MNRAS.420.3213O
HE2149-2745,328.02917,-27.53056,2.033,0.603,1996,GAL-QSO,HE survey,1996A&A...315L.405W
SDSS J0900+2234,135.011625,22.567667,2.0325,0.489,2009,GRP-GAL,"SBAS, CASSOWARY",2009ApJ...707..686D
ULAS J0820+0812,125.0671299,8.20443831,2.0226,0.803,2009,GAL-QSO,UKIDSS,2009MNRAS.398.1423J
SDSS J1216+3529,184.1918701,35.49486106,2.0166,0.5,2008,GAL-QSO,SQLS,2008AJ....135..520O
SDSS J0746+4403,116.7210147,44.06427463,2.0024,0.513,2007,GAL-QSO,SQLS,2007AJ....133..206I
CSWA 6,181.5087122,51.70820438,2,0.422,2009,GAL-GAL,CASSOWARY,2009ApJ...699.1242L
SDSS J1111+5308,167.765333,53.14858718,1.945,0.412,2009,GRP-GAL,CASSOWARY,2009MNRAS.392..104B
CSWA 22,26.73337065,-9.49791496,1.944,0.44,2007,GAL-GAL,"CASSOWARY, SGAS",2007ApJ...660.1176E
CSWA 36,181.8996417,52.91645343,1.9257,0.2717,2010,GAL-GAL,CASSOWARY,2010ApJ...724L.137K
SDSS J1313+5151,198.4166047,51.8579021,1.877,0.194,2010,GAL-QSO,SQLS,2010AJ....140..403I
SDSS J0058-0722,14.699833,-7.366139,1.873,0.639,2013,GAL-GAL,CASSOWARY,2013MNRAS.436.1040S
SDSS J1237+5533,189.4008284,55.56190979,1.864,0.4099,2009,GAL-GAL,CASSOWARY,2009MNRAS.392..104B
SBS1520+530,230.43333,52.9135,1.855,0.761,1997,GAL-QSO,Serendipitous,1997A&A...318L..67C
SL2S J021737-051329,34.4049225,-5.2248211,1.847,0.646,2009,GAL-GAL,SL2S,2009A&A...501..475T
SDSS J1001+5027,150.3692166,50.46579941,1.839,0.415,2005,GAL-QSO,SQLS,2005ApJ...622..106O
SDSS J0957+0509,149.4133,5.15887,1.823,0.4467,2009,GRP-GAL,"SBAS, CASSOWARY",2009MNRAS.392..104B
SDSS J1405+0959,211.3142552,9.99202973,1.81,0.66,2012,GAL-QSO,"SQLS, UKIDSS",2012MNRAS.419.2014J
SDSS J1206+4332,181.6235262,43.53821274,1.789,0.748,2005,GAL-QSO,SQLS,2005ApJ...622..106O
MG1654+1346,253.67083,13.77278,1.74,0.254,1988,GAL-QSO,Serendipitous,1988BAAS...20Q1001L
SDSS J1004+4112,151.1431429,41.21210942,1.734,0.68,2003,CLUST-QSO,SQLS,2003Natur.426..810I
PG1115+080,169.57083,7.76603,1.72,0.31,1980,GAL-QSO,Serendipitous,1980Natur.285..641W
SDSS J1021+4913,155.2959088,49.22509437,1.7198,0.451,2006,GAL-QSO,SQLS,2006AJ....131...41P
SDSS J1115+1645,168.768292,16.760722,1.718,0.537,2013,GAL-GAL,CASSOWARY,2013MNRAS.436.1040S
SDSS J1322+1052,200.6517432,10.87761449,1.71602,0.55,2008,GAL-QSO,SQLS,2008AJ....135..520O
B1933+503,293.625,50.42322,1.71,0.755,1998,GAL-QSO,CLASS,1998MNRAS.301..315N
Q2237+0305,340.125,3.358,1.695,0.0394,1985,GAL-QSO,Serendipitous,1985AJ.....90..691H
SDSS J0851+3331,132.911917,33.518361,1.693,0.37,2012,GRP-GAL,SGAS,2012MNRAS.420.3213O
HE0435-1223,69.5615,-12.28722,1.689,0.454,2002,GAL-QSO,HE survey,2002A&A...395...17W
SDSS J0246-0825,41.64207561,-8.42670704,1.6859,0.723,2005,GAL-QSO,SQLS,2005AJ....130.1967I
HE0047-1756,12.6155,-17.66889,1.67,0.407,2004,GAL-QSO,HE survey,2004A&A...419L..31W
WFI2033-4723,308.425,-47.39528,1.661,0.66,2004,GAL-QSO,Serendipitous,2004AJ....127.2617M
RXJ0921+4529,140.3,45.48456,1.6535,0.312,2010,GAL-QSO,Serendipitous,2010ApJ...721L.139P
SDSS J1353+1138,208.2764426,11.63464297,1.6266,0.3,2006,GAL-QSO,SQLS,2006AJ....131.1934I
LBQS1009-0252,153.0655,-3.11722,1.6229,0.87,1993,GAL-QSO,Serendipitous,1993LIACo..31..217N
SDSS J1226+2149,186.712958,21.831194,1.605,0.435,2012,GRP-GAL,SGAS,2012MNRAS.420.3213O
B1600+434,240.41667,43.27994,1.589,0.4144,1995,GAL-QSO,CLASS,1995MNRAS.274L..25J
HE0512-3329,78.54503805,-33.43926639,1.58,0.93,2003,GAL-QSO,HE survey,2003A&A...405..445W
LBQS1333+0113,203.8949679,1.30154919,1.571,0.44,2004,GAL-QSO,SQLS,2004PASJ...56..399O
SDSS J1650+4251,252.6810019,42.8637137,1.547,0.577,2003,GAL-QSO,SQLS,2003AJ....126.2145M
CSWA 12,173.3048833,50.14447842,1.544,0.394,2005,GAL-GAL,"CASSOWARY, MACS Lens",2005ApJ...627...32S
SDSS J0806+2006,121.5987707,20.10884795,1.5373,0.573,2006,GAL-QSO,SQLS,2006AJ....131.1934I
B1030+074,158.39177,7.19059,1.535,0.599,1998,GAL-QSO,JVAS,1998MNRAS.300..649X
SDSS J0924+0219,141.232487,2.323611,1.524,0.394,2003,GAL-QSO,SQLS,2003AJ....126..666I
FBQ 1633+3134,248.454,31.56997,1.5183,0.68,2001,GAL-QSO,Serendipitous,2001AJ....121..611M
SDSS J0801+4727,120.27208,47.46376,1.518,0.4831,2012,GAL-GAL,BELLS,2012ApJ...744...41B
HS0810+2554,123.3802,25.7509,1.50987,0.89,2002,GAL-QSO,Serendipitous,2002A&A...382L..26R
SDSS J0915+3826,138.9125,38.449583,1.501,0.397,2012,GRP-GAL,SGAS,2012MNRAS.420.3213O
SDSS J0143+1607,25.959375,16.128056,1.499,0.415,2013,GAL-GAL,CASSOWARY,2013MNRAS.436.1040S
SDSS J0921+1810,140.3572627,18.17148017,1.486,0.6832,2013,GRP-GAL,CASSOWARY,2013MNRAS.436.1040S
SDSS J2122+0409,320.71684,4.15987,1.452,0.6261,2012,GAL-GAL,BELLS,2012ApJ...744...41B
SDSS J1601+2138,240.30531,21.64274,1.446,0.5435,2012,GAL-GAL,BELLS,2012ApJ...744...41B
HST J121346.57+670833.3,183.444042,67.142583,1.44,0.33,2009,GAL-GAL,SLACSextra,2009ApJ...696.1125N
SDSS J1332+0347,203.0942702,3.79443544,1.438,0.191,2007,GAL-QSO,SQLS,2007AJ....133..214M
SDSS J0840+5051,130.225792,50.86475,1.4348,0.5534,2012,GAL-GAL,BELLS,2012ApJ...744...41B
CSWA 7,174.4169025,49.60987175,1.411,0.4483,2009,GAL-GAL,CASSOWARY,2009ApJ...696L..61K
Q0957+561,150.337,55.89706,1.41,0.36,1979,GRP-QSO,Serendipitous,1979ApJ...233L..43W
SDSS J0800+0812,120.054417,8.202325,1.408,0.314,2009,GAL-GAL,CASSOWARY,2009MNRAS.392..104B
SDSS J0846+0446,131.69775,4.768083,1.405,0.24145,2013,GAL-GAL,CASSOWARY,2013MNRAS.436.1040S
SDSS J1318-0104,199.62246,-1.07268,1.396,0.6591,2012,GAL-GAL,BELLS,2012ApJ...744...41B
B1608+656,242.30817,65.5412,1.394,0.6304,1995,GAL-QSO,CLASS,1995ApJ...447L...9S
SDSS J1330+1810,202.5776926,18.17559625,1.393,0.373,2008,GAL-QSO,SQLS,2008MNRAS.391.1973O
HST J143001.28+410440.8,217.505375,41.078,1.38,0.32,2009,GAL-GAL,SLACSextra,2009ApJ...696.1125N
SBS0909+523,138.25417,52.99134,1.377,0.83,1997,GAL-QSO,Serendipitous,1997ApJ...479..678K
Q1355-2257,208.92917,-22.95611,1.373,0.701,2003,GAL-QSO,Serendipitous,2003AJ....126..696M
SDSS J0151+0049,27.78072,0.81916,1.364,0.5171,2012,GAL-GAL,BELLS,2012ApJ...744...41B
SDSS J1159-0007,179.93596,-0.1245,1.346,0.5793,2012,GAL-GAL,BELLS,2012ApJ...744...41B
B0712+472,109.0142778,47.14710889,1.339,0.406,1998,GAL-QSO,CLASS,1998AJ....115..377F
SDSS J0830+5116,127.70722,51.27551,1.332,0.5301,2012,GAL-GAL,BELLS,2012ApJ...744...41B
SDSS J1723+3411,260.90067,34.19946,1.3294,0.4435,2010,GRP-GAL,SBAS,2010ApJ...724L.137K
SDSS J1522+2910,230.53975,29.17275,1.311,0.5553,2012,GAL-GAL,BELLS,2012ApJ...744...41B
SDSS J1318-0313,199.66386,-3.22618,1.3,0.23965,2009,GAL-GAL,SLACS,2009ApJ...705.1099A
SDSS J1215+0047,183.76849,0.79057,1.297,0.6423,2012,GAL-GAL,BELLS,2012ApJ...744...41B
QJ0158-4325,29.6726246,-43.4176407,1.294,0.317,1999,GAL-QSO,Serendipitous,1999AJ....118.1444M
SDSS J1545+2748,236.26489,27.80147,1.289,0.5218,2012,GAL-GAL,BELLS,2012ApJ...744...41B
SDSS J0841+5017,130.340583,50.289,1.2881,0.5542,2012,GAL-GAL,BELLS,2012ApJ...744...41B
SDSS J1221+3806,185.46632,38.10293,1.284,0.5348,2012,GAL-GAL,BELLS,2012ApJ...744...41B
B2045+265,311.83333,26.73367,1.28,0.8673,1999,GAL-QSO,CLASS,1999AJ....117..658F
SL2S J085447-012137,133.693954,-1.3602999,1.268,0.351,2010,GRP-GAL,SL2S,2010A&A...524A..94S
Abell 68,9.271704,9.163992,1.265,0.2546,2005,XRAY-CLUST,Serendipitous,2005ApJ...627...32S
RCS2 J1055+5548,163.769125,55.806472,1.25,0.466,2012,GRP-GAL,SGAS,2012MNRAS.420.3213O
SDSS J1055+4628,163.9393839,46.47763753,1.249,0.388,2010,GAL-QSO,SQLS,2010AJ....139.1614K
FBQ0951+2635,147.8418575,26.58802778,1.24,0.26,1998,GAL-QSO,Serendipitous,1998AJ....115.1371S
HE1113-0641,169.097917,-6.960833,1.235,0.7,2008,GAL-QSO,HE survey,2008AJ....135..374B
MACS J212919.9-074218,322.332917,-7.705,1.212,0.594,2011,GAL-GAL,MACS Lenses,2011MNRAS.410.1939Z
SDSS J1611+1705,242.79083,17.09072,1.211,0.4766,2012,GAL-GAL,BELLS,2012ApJ...744...41B
SDSS J1524+4409,231.1900971,44.16376024,1.21,0.32,2008,GAL-QSO,SQLS,2008AJ....135..520O
SDSS J0008-0004,2.01231,-0.06896,1.192,0.44,2008,GAL-GAL,SLACS,2008ApJ...682..964B
SDSS J1452+33233,223.246417,33.397056,1.1896,0.5602,2012,GAL-GAL,BELLS,2012ApJ...744...41B
SDSS J1337+3620,204.4638,36.33835,1.182,0.5643,2012,GAL-GAL,BELLS,2012ApJ...744...41B
SDSS J0944-0147,146.11445,-1.79512,1.179,0.539,2012,GAL-GAL,BELLS,2012ApJ...744...41B
SDSS J2156+1204,329.11314,12.06993,1.176,0.25695,2006,GAL-GAL,OLS,2006MNRAS.369.1521W
SDSS J0915-0055,138.819167,-0.916833,1.1705,0.40216,2012,GAL-GAL,BELLS,2012ApJ...744...41B
SDSS J1503+3225,225.940375,32.428361,1.1705,0.606,2012,GAL-GAL,BELLS,2012ApJ...744...41B
MG1549+3047,237.3,30.78794,1.17,0.111,2003,GAL-GAL,Serendipitous,2003MNRAS.343L..29T
SDSS J1620+1203,245.108929,12.06167583,1.158,0.398,2010,GAL-QSO,SQLS,2010AJ....139.1614K
SDSS J2210-0934,332.52393,-9.57112,1.158,0.08264,2011,GAL-GAL,SWELLS,2011MNRAS.417.1601T
B0850+054,133.2242744,5.253305555,1.143,0.5883,2003,GAL-QSO,CLASS,2003MNRAS.338.1084B
MG1131+0456,172.98333,4.9305,1.13,0.844,1988,GAL-GAL,Serendipitous,1988Natur.333..537H
SDSS J1226-0006,186.5334366,-0.10063021,1.1229,0.516,2008,GAL-QSO,SQLS,2008AJ....135..496I
HST J110307.14+532042.6,165.77975,53.345167,1.12,0.41,2009,GAL-GAL,SLACSextra,2009ApJ...696.1125N
SDSS J0832+0404,128.06667,4.06811,1.115,0.659,2008,GAL-QSO,SQLS,2008AJ....135..520O
SDSS J1002+6020,150.5105,60.340639,1.114,0.575,2013,GAL-GAL,CASSOWARY,2013MNRAS.436.1040S
SDSS J1541+1812,235.32734,18.20976,1.113,0.5603,2012,GAL-GAL,BELLS,2012ApJ...744...41B
SDSS J1531+3414,232.794167,34.240278,1.096,0.335,2009,GRP-GAL,SGAS,2009ApJ...699.1038O
SDSS J1631+1854,247.9597,18.90113,1.086,0.4081,2012,GAL-GAL,BELLS,2012ApJ...744...41B
SDSS J1537+0220,234.376125,2.343583,1.0729,0.48252,2012,GAL-GAL,BELLS,2012ApJ...744...41B
SDSS J0330-0020,52.55052,-0.34775,1.071,0.35071,2008,GAL-GAL,SLACS,2008ApJ...682..964B
SDSS J0903+4116,135.81327,41.26921,1.065,0.43032,2008,GAL-GAL,SLACS,2008ApJ...682..964B
SDSS J1352+3216,208.07913,32.28105,1.034,0.4634,2012,GAL-GAL,BELLS,2012ApJ...744...41B
CSWA 33,162.3474505,35.74471377,1.028,0.322,2009,GAL-GAL,CASSOWARY,2009MNRAS.392..104B
SDSS J0808+4706,122.24493,47.11079,1.025,0.21946,2008,GAL-GAL,SLACS,2008ApJ...682..964B
SDSS J1542+1629,235.69306,16.49771,1.023,0.3521,2012,GAL-GAL,BELLS,2012ApJ...744...41B
B1152+200,178.825,19.66172,1.019,0.439,1999,GAL-QSO,CLASS,1999AJ....117.2565M
CSWA 8,182.3487,26.67965,1.018,0.558,2008,GAL-GAL,"CASSOWARY, SGAS",2008MNRAS.389..311O
SDSS J1234-0241,188.61662,-2.69156,1.016,0.49,2012,GAL-GAL,BELLS,2012ApJ...744...41B
SDSS J1016-0208,154.242875,-2.142583,1.0034,0.4699,2012,GAL-GAL,BELLS,2012ApJ...744...41B
CSWA 10,339.6304743,13.33218384,1,0.413,2009,GAL-GAL,"SGAS, CASSOWARY",2009MNRAS.392..104B
RXC J1327.0+0211,201.754208,2.205417,0.991,0.259,2011,XRAY-CLUST,SGAS,2011ApJS..193....8B
CSWA 24,227.8280648,47.22787249,0.985,0.4517,2009,GAL-GAL,CASSOWARY,2009ApJ...696L..61K
SDSS J0252+0039,43.18838,0.66621,0.982,0.2803,2008,GAL-GAL,SLACS,2008ApJ...682..964B
HST J1418+5236,214.586542,52.603139,0.9818,0.5798,2007,GAL-GAL,Serendipitous,2007ApJ...660L..31M
SDSS J2125+0411,321.29447,4.1921,0.978,0.3632,2012,GAL-GAL,BELLS,2012ApJ...744...41B
SDSS J1344+3258,206.1165,32.9735,0.9777,0.47495,2012,GAL-GAL,BELLS,2012ApJ...744...41B
SDSS J1038+4849,159.6816,48.8216,0.972,0.4256,2008,GRP-GAL,"SBAS, CASSOWARY",2008MNRAS.388..384D
SDSS J0821+3733,125.37775,37.558528,0.9705,0.50563,2012,GAL-GAL,BELLS,2012ApJ...744...41B
B0218+357,35.27083,35.93716,0.944,0.68466,1993,GAL-QSO,JVAS,1993MNRAS.263L..32B
SDSS J2303+0037,345.89654,0.61755,0.936,0.4582,2012,GAL-GAL,BELLS,2012ApJ...744...41B
SDSS J0029-0055,7.2824,-0.93071,0.9313,0.22704,2008,GAL-GAL,SLACS,2008ApJ...682..964B
SDSS J0157-0056,29.49557,-0.94058,0.924,0.92428,2008,GAL-GAL,SLACS,2008ApJ...682..964B
CSWA 30,132.8604223,35.97049854,0.919,0.272,2009,GAL-GAL,CASSOWARY,2009MNRAS.392..104B
SDSS J1039-0014,159.9215,-0.240139,0.9141,0.3849,2012,GAL-GAL,BELLS,2012ApJ...744...41B
SDSS J0941-0104,145.261208,-1.067361,0.9115,0.91135,2012,GAL-GAL,BELLS,2012ApJ...744...41B
HST J114331.46-014508.0,175.88107,-1.752222,0.91,0.10361,2009,GAL-GAL,SLACSextra,2009ApJ...696.1125N
CSWA 17,174.5373066,27.9085314,0.909,0.447,2009,GAL-GAL,"CASSOWARY, SGAS",2009MNRAS.392..104B
SDSS J0747+5055,116.85052,50.92708,0.898,0.4384,2012,GAL-GAL,BELLS,2012ApJ...744...41B
SDSS J0747+4448,116.8948,44.81648,0.897,0.4366,2012,GAL-GAL,BELLS,2012ApJ...744...41B
SDSS J1349+3612,207.29292,36.21104,0.893,0.4396,2012,GAL-GAL,BELLS,2012ApJ...744...41B
SDSS J1153+4612,178.29494,46.20147,0.875,0.17969,2008,GAL-GAL,SLACS,2008ApJ...682..964B
SDSS J1637+1439,249.31073,14.65836,0.874,0.391,2012,GAL-GAL,BELLS,2012ApJ...744...41B
SDSS J0822+1828,125.614474,18.482175,0.871,0.1153,2012,GAL-GAL,SWELLS,2012MNRAS.422.3574B
SDSS J1450+3908,222.6277,39.13865,0.8613,0.2893,2010,GRP-GAL,"SBAS, CASSOWARY",2010ApJ...724L.137K
SDSS J1100+5329,165.10161,53.48719,0.858,0.31712,2008,GAL-GAL,SLACS,2008ApJ...682..964B
SDSS J1203+2535,180.98472,25.59698,0.856,0.10112,2006,GAL-GAL,"SWELLS, SLACS",2006ApJ...638..703B
CSWA 27,247.477347,35.47763614,0.85,0.17,2009,GAL-GAL,CASSOWARY,2009ApJ...696L..61K
SDSS J1456+5702,224.00325,57.038972,0.833,0.484,2012,GRP-GAL,SGAS,2012MNRAS.420.3213O
SDSS J1416+5136,214.09311,51.60846,0.811,0.29868,2008,GAL-GAL,SLACS,2008ApJ...682..964B
SDSS J1614+4522,243.65725,45.38149,0.811,0.17787,2008,GAL-GAL,SLACS,2008ApJ...682..964B
SDSS J0405-0455,61.39756,-4.93122,0.81,0.07527,2008,GAL-GAL,SLACS,2008ApJ...682..964B
COSMOS0056+1226,150.23661,2.20721,0.808,0.361,2008,GAL-GAL,COSMOS,2008ApJS..176...19F
SDSS J2341+0000,355.29822,0.00518,0.807,0.18595,2008,GAL-GAL,SLACS,2008ApJ...682..964B
SDSS J1436-0000,219.11476,-0.00811,0.805,0.28521,2008,GAL-GAL,SLACS,2008ApJ...682..964B
SDSS J1251+2935,192.7815601,29.59458506,0.80213,0.41,2007,GAL-QSO,SQLS,2007AJ....134.1515K
SDSS J1150+1016,177.57091,10.28138,0.801,0.28365,2006,GAL-GAL,OLS,2006MNRAS.369.1521W
SDSS J1250+0523,192.61772,5.39698,0.795,0.23176,2006,GAL-GAL,SLACS,2006ApJ...638..703B
SDSS J1630+4520,247.61733,45.34342,0.793,0.24789,2006,GAL-GAL,SLACS,2006ApJ...638..703B
SDSS J0915+4211,138.81784,42.198,0.79,0.07846,2006,GAL-GAL,"SWELLS, SLACS",2006ApJ...638..703B
ULAS J2343-0050,355.7997499,-0.84287291,0.788,0.3,2008,GAL-QSO,"UKIDSS, SQLS",2008MNRAS.387..741J
SDSS J1251-0208,192.89877,-2.13477,0.784,0.22432,2006,GAL-GAL,"SLACS, SWELLS",2006ApJ...638..703B
CSWA 26,168.294359,23.94431091,0.776,0.3361,2009,GAL-GAL,CASSOWARY,2009ApJ...696L..61K
CSWA 23,126.8701338,22.54831707,0.766,0.349,2008,GAL-GAL,CASSOWARY,2008AJ....136...44S
SDSS J1436+3640,219.02345,36.67977,0.758,0.18462,2009,GAL-GAL,SLACS,2009ApJ...705.1099A
SDSS J1531-0105,232.95863,-1.09601,0.744,0.15966,2008,GAL-GAL,SLACS,2008ApJ...682..964B
SDSS J1718+6424,259.6558,64.41452,0.737,0.08987,2006,GAL-GAL,SLACS,2006ApJ...638..703B
SDSS J1103+5322,165.78421,53.3745,0.735,0.15824,2008,GAL-GAL,"SLACS, SWELLS",2008ApJ...682..964B
Abell 370,39.971538,-1.576933,0.725,0.3747,1988,XRAY-CLUST,Serendipitous,1988A&A...191L..19S
CSWA 3,190.1345157,45.15079076,0.725,0.274,2008,GAL-GAL,CASSOWARY,2008MNRAS.388..384D
SDSS J1709+2324,257.41233,23.40235,0.719,0.34689,2009,GAL-GAL,SLACS,2009ApJ...705.1099A
SDSS J1218+0830,184.61121,8.51398,0.717,0.13502,2008,GAL-GAL,SLACS,2008ApJ...682..964B
SDSS J1525+3327,231.2779,33.46318,0.717,0.35829,2008,GAL-GAL,SLACS,2008ApJ...682..964B
SDSS J2347-0005,356.86701,-0.08924,0.714,0.4167,2006,GAL-GAL,SLACS,2006ApJ...638..703B
SDSS J2141-0001,325.47783,-0.02009,0.713,0.138,2008,GAL-GAL,"SLACS, SWELLS",2008ApJ...682..964B
SDSS J2238-0754,339.66667,-7.91556,0.713,0.137,2009,GAL-GAL,SLACS,2009ApJ...705.1099A
SDSS J1330-0148,202.68971,-1.81156,0.711,0.08081,2006,GAL-GAL,SLACS,2006ApJ...638..703B
SDSS J1446-0248,221.51095,-2.80775,0.697,0.20645,2006,GAL-GAL,OLS,2006MNRAS.369.1521W
SDSS J1023+4230,155.88436,42.50053,0.696,0.19114,2008,GAL-GAL,SLACS,2008ApJ...682..964B
SDSS J0728+3835,112.02062,38.59049,0.688,0.20576,2009,GAL-GAL,SLACS,2009ApJ...705.1099A
SDSS J0919+3423,139.95417,34.38444,0.6842,0.0375,2009,GAL-QSO,Serendipitous,2009ApJ...692..694G
SDSS J1636+4707,249.01089,47.12488,0.675,0.2282,2006,GAL-GAL,SLACS,2006ApJ...638..703B
SDSS J1618+4353,244.6796,43.89095,0.666,0.19883,2006,GAL-GAL,SLACS,2006ApJ...638..703B
SDSS J1432+6317,218.0556,63.28438,0.664,0.123,2008,GAL-GAL,SLACS,2008ApJ...682..964B
SDSS J1537+6556,234.305,65.9391,0.6596,0.2595,2010,GRP-GAL,SBAS,2010ApJ...724L.137K
RXJ1131-1231,172.964,-12.533,0.658,0.295,2003,GAL-QSO,Serendipitous,2003A&A...406L..43S
SDSS J0841+3824,130.37002,38.40381,0.657,0.11588,2008,GAL-GAL,"SLACS, SWELLS",2008ApJ...682..964B
SDSS J0821+1025,125.48858,10.43226,0.657,0.09419,2011,GAL-GAL,SWELLS,2011MNRAS.417.1601T
SDSS J1213+6708,183.41915,67.14137,0.6402,0.12285,2008,GAL-GAL,SLACS,2008ApJ...682..964B
SDSS J1703+2451,255.92278,24.8611,0.637,0.06287,2006,GAL-GAL,"SWELLS, SLACS",2006ApJ...638..703B
SDSS J0820+4847,125.05358,48.79363,0.634,0.13091,2006,GAL-GAL,"SWELLS, SLACS",2006ApJ...638..703B
SDSS J0037-0942,9.470501666,-9.704589999,0.632,0.19545,2006,GAL-GAL,SLACS,2006ApJ...638..703B
SDSS J1204+0358,181.18363,3.96845,0.631,0.16437,2008,GAL-GAL,SLACS,2008ApJ...682..964B
SDSS J1347-0101,206.770667,-1.017644,0.63,0.3969,2011,GAL-GAL,EELs,2011MNRAS.411L...6A
SDSS J1112+0826,168.21084,8.43623,0.629,0.27289,2008,GAL-GAL,SLACS,2008ApJ...682..964B
SDSS J1029+0420,157.34558,4.33384,0.615,0.10444,2008,GAL-GAL,"SLACS, SWELLS",2008ApJ...682..964B
SDSS J1644+2625,251.17951,26.42377,0.61,0.13682,2009,GAL-GAL,SLACS,2009ApJ...705.1099A
SDSS J0946+1006,146.73617,10.11467,0.609,0.22193,2008,GAL-GAL,SLACS,2008ApJ...682..964B
SDSS J1319+1504,199.88538,15.0739,0.606,0.15369,2009,GAL-GAL,SLACS,2009ApJ...705.1099A
SDSS J1621+3931,245.38744,39.52908,0.602,0.2448,2008,GAL-GAL,SLACS,2008ApJ...682..964B
SDSS J1556+3446,239.05721,34.77497,0.598,0.07312,2011,GAL-GAL,SWELLS,2011MNRAS.417.1601T
SDSS J2231-0849,337.78341,-8.82375,0.597,0.17473,2006,GAL-GAL,OLS,2006MNRAS.369.1521W
SDSS J0822+2652,125.67633,26.87876,0.594,0.24132,2008,GAL-GAL,SLACS,2008ApJ...682..964B
SDSS J0936+0913,144.00319,9.22661,0.588,0.1897,2008,GAL-GAL,SLACS,2008ApJ...682..964B
SDSS J0737+3216,114.36855,32.27183,0.581,0.32234,2006,GAL-GAL,SLACS,2006ApJ...638..703B
SDSS J1719+2939,259.89234,29.65732,0.578,0.18073,2009,GAL-GAL,SLACS,2009ApJ...705.1099A
SDSS J1430+4105,217.51704,41.0992,0.575,0.28492,2008,GAL-GAL,SLACS,2008ApJ...682..964B
SDSS J0919+2720,139.85927,27.34751,0.558,0.21017,2012,QSO-GAL,Serendipitous,2012A&A...540A..36C
SDSS J1020+1122,155.11059,11.3781,0.553,0.28219,2008,GAL-GAL,SLACS,2008ApJ...682..964B
SDSS J0959+0410,149.93361,4.17139,0.535,0.12598,2006,GAL-GAL,SLACS,2006ApJ...638..703B
SDSS J1420+6019,215.06604,60.32078,0.535,0.06291,2006,GAL-GAL,SLACS,2006ApJ...638..703B
SDSS J2321-0939,350.33723,-9.65285,0.532,0.08185,2006,GAL-GAL,SLACS,2006ApJ...638..703B
SDSS J0959+4416,149.75403,44.2776,0.531,0.23687,2008,GAL-GAL,SLACS,2008ApJ...682..964B
SDSS J1538+5817,234.55384,58.28606,0.531,0.14277,2008,GAL-GAL,SLACS,2008ApJ...682..964B
SDSS J0109+1500,17.39054,15.00903,0.525,0.29388,2008,GAL-GAL,SLACS,2008ApJ...682..964B
COSMOS0049+5128,150.2052807,1.8578028,0.524,0.337,2008,GAL-GAL,COSMOS,2008ApJS..176...19F
SDSS J1627-0053,246.94352,-0.89932,0.524,0.20758,2006,GAL-GAL,SLACS,2006ApJ...638..703B
SDSS J0216-0813,34.21893,-8.22927,0.523,0.33165,2006,GAL-GAL,SLACS,2006ApJ...638..703B
SDSS J1451-0239,222.86745,-2.66012,0.52,0.12533,2008,GAL-GAL,SLACS,2008ApJ...682..964B
SDSS J2303+1422,345.84052,14.37165,0.517,0.15529,2006,GAL-GAL,SLACS,2006ApJ...638..703B
SDSS J1313+4615,198.26216,46.25378,0.514,0.18479,2009,GAL-GAL,SLACS,2009ApJ...705.1099A
SDSS J1142+1001,175.73893,10.01996,0.504,0.22187,2008,GAL-GAL,SLACS,2008ApJ...682..964B
SDSS J1205+4910,181.41848,49.174828,0.481,0.21498,2006,GAL-GAL,SLACS,2006ApJ...638..703B
SDSS J1402+6321,210.61757,63.3593,0.481,0.20456,2006,GAL-GAL,SLACS,2006ApJ...638..703B
HST J073736.40+321540.3,114.401667,32.261194,0.48,0.34,2009,GAL-GAL,SLACSextra,2009ApJ...696.1125N
SDSS J1134+6027,173.52456,60.45375,0.474,0.1528,2008,GAL-GAL,SLACS,2008ApJ...682..964B
SDSS J1403+0006,210.87287,0.11149,0.473,0.18878,2008,GAL-GAL,SLACS,2008ApJ...682..964B
SDSS J1306+0600,196.5569,6.00615,0.472,0.17297,2009,GAL-GAL,SLACS,2009ApJ...705.1099A
SDSS J0956+5100,149.12406,51.00186,0.47,0.24055,2006,GAL-GAL,SLACS,2006ApJ...638..703B
SDSS J0935-0003,143.93306,-0.05967,0.467,0.34749,2008,GAL-GAL,SLACS,2008ApJ...682..964B
SDSS J1246+0440,191.69001,4.67361,0.465,0.16861,2006,GAL-GAL,OLS,2006MNRAS.369.1521W
SDSS J2300+0022,345.22143,0.37724,0.463,0.22847,2006,GAL-GAL,SLACS,2006ApJ...638..703B
SDSS J2343-0030,355.99529,-0.50622,0.463,0.18073,2009,GAL-GAL,SLACS,2009ApJ...705.1099A
SDSS J1259+6134,194.82942,61.56905,0.449,0.23324,2006,GAL-GAL,SLACS,2006ApJ...638..703B
SDSS J1037+3517,159.43762,35.29194,0.448,0.12171,2006,GAL-GAL,"SWELLS, SLACS",2006ApJ...638..703B
SDSS J0819+4534,124.88305,45.57912,0.446,0.19432,2006,GAL-GAL,SLACS,2006ApJ...638..703B
SDSS J1005+4016,151.341917,40.269472,0.441,0.23048,2012,QSO-GAL,Serendipitous,2012A&A...540A..36C
SDSS J1016+3859,154.0988911,38.97774999,0.439,0.16795,2008,GAL-GAL,SLACS,2008ApJ...682..964B
SDSS J1443+0304,220.83174,3.06897,0.419,0.13383,2008,GAL-GAL,SLACS,2008ApJ...682..964B
SDSS J0827+5224,126.855,52.40975,0.412,0.29364,2012,QSO-GAL,Serendipitous,2012A&A...540A..36C
SDSS J1106+5228,166.69229,52.47718,0.407,0.09551,2008,GAL-GAL,SLACS,2008ApJ...682..964B
SDSS J1117+4704,169.39739,47.06873,0.405,0.16888,2006,GAL-GAL,"SWELLS, SLACS",2006ApJ...638..703B
SDSS J1143-0144,175.87349,-1.74166,0.402,0.10605,2008,GAL-GAL,SLACS,2008ApJ...682..964B
SDSS J1135+3720,173.77867,37.33997,0.402,0.16242,2006,GAL-GAL,"SWELLS, SLACS",2006ApJ...638..703B
CSWA 25,162.429754,44.34322791,0.389,0.2303,2009,GAL-GAL,CASSOWARY,2009ApJ...696L..61K
SDSS J1250-0135,192.7105,-1.59213,0.353,0.08707,2008,GAL-GAL,SLACS,2008ApJ...682..964B
SDSS J1313+0506,198.36125,5.1159,0.339,0.14383,2008,GAL-GAL,"SLACS, SWELLS",2008ApJ...682..964B
SDSS J1032+5322,158.14937,53.37634,0.329,0.1334,2008,GAL-GAL,"SLACS, SWELLS",2008ApJ...682..964B
SDSS J0912+0029,138.02212,0.48366,0.324,0.16419,2006,GAL-GAL,SLACS,2006ApJ...638..703B
SDSS J0955+0101,148.83217,1.02901,0.316,0.11093,2008,GAL-GAL,"SLACS, SWELLS",2008ApJ...682..964B
J0842+3621,130.745833,36.3525,0.282,0.282,2018,CLUST-GAL,RELICS,2018ApJ...863..145C
CSWA 32,153.7740267,55.50505929,0.276,0.205,2009,GAL-GAL,CASSOWARY,2009MNRAS.392..104B
SDSS J1331+3638,202.91804,36.46999,0.254,0.11333,2006,GAL-GAL,"SWELLS, SLACS",2006ApJ...638..703B
SDSS J1029+6115,157.36471,61.25146,0.2512,0.15736,2008,GAL-GAL,SLACS,2008ApJ...682..964B
SDSS J2302-0840,345.58409,-8.6804,0.222,0.09012,2008,GAL-GAL,SLACS,2008ApJ...682..964B
SDSS J1321-0115,200.31609,-1.255,0.211,0.10773,2011,GAL-GAL,SWELLS,2011MNRAS.417.1601T
SDSS J0044+0113,11.01208,1.22018,0.197,0.11958,2008,GAL-GAL,SLACS,2008ApJ...682..964B
SDSS J1228+3743,187.24837,37.73011,0.102,0.03993,2011,GAL-GAL,SWELLS,2011MNRAS.417.1601T
AGEL000224-350716A,0.59845,-35.12122,1.549,0.576,2025,,AGEL,2025arXiv250308041B
AGEL000316-334804A,0.818255,-33.8012,1.834,0.659,2025,,AGEL,2025arXiv250308041B
AGEL000645-442950A,1.68592,-44.49735,2.099,0.498,2025,,AGEL,2025arXiv250308041B
AGEL001310+004004A,3.29016,0.66767,2.071,0.693,2022,,AGEL,2022AJ....164..148T
AGEL001424+004145A,3.601159,0.695961,1.374,0.569,2022,,AGEL,2022AJ....164..148T
AGEL002527+101107A,6.3643,10.1853,2.397,0.463,2022,,AGEL,2022AJ....164..148T
AGEL002700-041324A,6.75025,-4.22321,1.46,0.495,2022,,AGEL,2022AJ....164..148T
AGEL003727-413150A,9.3628,-41.53054,3.257,0.708,2022,,AGEL,2022AJ....164..148T
AGEL004144-233905A,10.4341,-23.6515,2.203,0.439,2025,,AGEL,2025arXiv250308041B
AGEL004257-371858A,10.73881,-37.31623,3.094,0.883,2025,,AGEL,2025arXiv250308041B
AGEL004827+031117A,12.1134,3.18808,2.367,0.357,2022,,AGEL,2022AJ....164..148T
AGEL010128-334319A,15.366041,-33.72201,1.167,0.581,2022,GALAXY,AGEL,2022AJ....164..148T
AGEL010238+015857A,15.65959,1.98243,1.816,0.867,2022,,AGEL,2022AJ....164..148T
AGEL010257-291122A,15.739542,-29.189388,0.815,0.273,2025,,AGEL,2025arXiv250308041B
AGEL010520+014456A,16.33186269,1.74901554,2.127,0.361,2025,,AGEL,2025arXiv250308041B
AGEL011759-052718A,19.494766,-5.454924,2.066,0.579,2022,,AGEL,2022AJ....164..148T
AGEL012453-144303A,21.22109,-14.717383,1.825,0.478,2022,,AGEL,2022AJ....164..148T
AGEL013355-643413A,23.47773,-64.57028,2.093,0.326,2025,,AGEL,2025arXiv250308041B
AGEL013442+043350A,23.6765,4.5639,1.568,0.551,2022,,AGEL,2022AJ....164..148T
AGEL013639+000818A,24.1631,0.13836,2.629,0.344,2022,,AGEL,2022AJ....164..148T
AGEL013719-083056A,24.3285,-8.51552,2.997,0.563,2022,,AGEL,2022AJ....164..148T
AGEL014106-171324A,25.27558,-17.22326,2.436,0.608,2022,,AGEL,2022AJ....164..148T
AGEL014235-164818A,25.6457,-16.80487,2.309,0.619,2022,,AGEL,2022AJ....164..148T
AGEL014253-183116A,25.720295,-18.521051,2.47,0.637,2022,,AGEL,2022AJ....164..148T
AGEL014327-085021A,25.862225,-8.839247,2.755,0.737,2022,,AGEL,2022AJ....164..148T
AGEL014350+160739A,25.9583,16.1275,1.499,0.415,2025,,AGEL,2025arXiv250308041B
AGEL014504-045551A,26.26791,-4.93084,1.96,0.635,2022,,AGEL,2022AJ....164..148T
AGEL014556+040229A,26.48478,4.04139,2.361,0.784,2022,,AGEL,2022AJ....164..148T
AGEL020457-110309A,31.2392,-11.0526,1.888,0.609,2025,,AGEL,2025arXiv250308041B
AGEL020525-093023A,31.3527,-9.5065,1.335,0.557,2025,,AGEL,2025arXiv250308041B
AGEL020613-011417A,31.55611,-1.23817,1.303,0.714,2022,,AGEL,2022AJ....164..148T
AGEL021225-085211A,33.10507,-8.869672,2.202,0.759,2022,,AGEL,2022AJ....164..148T
AGEL021325-074355A,33.3522,-7.7319,3.48,0.717,2025,GALAXY,AGEL,2025arXiv250308041B
AGEL021411-040503A,33.5467,-4.0841,1.88,0.609,2025,GALAXY,AGEL,2025arXiv250308041B
AGEL021801-080247A,34.5053,-8.0465,2.06,0.884,2025,,AGEL,2025arXiv250308041B
AGEL021902-082935A,34.7589,-8.493,2.16,0.389,2025,,AGEL,2025arXiv250308041B
AGEL022046-094928A,35.1919,-9.8244,2.606,0.572,2025,,AGEL,2025arXiv250308041B
AGEL022346-053418A,35.9423,-5.5718,1.44,0.499,2025,GALAXY,AGEL,2025arXiv250308041B
AGEL022358-065143A,35.9914,-6.8619,1.43,0.473,2025,,AGEL,2025arXiv250308041B
AGEL022511-045433A,36.296,-4.9093,1.2,0.238,2025,GALAXY,AGEL,2025arXiv250308041B
AGEL022611-042012A,36.5444,-4.3366,1.23,0.494,2025,,AGEL,2025arXiv250308041B
AGEL022709-065445A,36.7866,-6.9125,1.644,0.56,2025,,AGEL,2025arXiv250308041B
AGEL022931-290816A,37.37911,-29.13786,1.679,0.857,2025,,AGEL,2025arXiv250308041B
AGEL023252-040824A,38.2149,-4.1399,2.34,0.352,2025,,AGEL,2025arXiv250308041B
AGEL023402-051951A,38.5098,-5.3307,0.33,0.45,2025,,AGEL,2025arXiv250308041B
AGEL024303-000600A,40.76267,-0.10005,1.729,0.367,2022,,AGEL,2022AJ....164..148T
AGEL025052-552412A,42.71781,-55.40325,2.478,0.722,2025,,AGEL,2025arXiv250308041B
AGEL025220-473238A,43.082837,-47.543816,1.5,0.494,2022,,AGEL,2022AJ....164..148T
AGEL032727-132623A,51.86318,-13.43961,1.703,0.564,2025,,AGEL,2025arXiv250308041B
AGEL033717-315214A,54.32183,-31.870431,1.955,0.525,2022,,AGEL,2022AJ....164..148T
AGEL035418-160952A,58.576136,-16.1645,1.91,0.574,2022,,AGEL,2022AJ....164..148T
AGEL042439-331742A,66.161186,-33.294911,1.188,0.564,2022,,AGEL,2022AJ....164..148T
AGEL043806-322852A,69.52573,-32.48116,0.92,0.343,2025,,AGEL,2025arXiv250308041B
AGEL053724-464702A,84.35163,-46.78401,2.344,0.354,2025,,AGEL,2025arXiv250308041B
AGEL061815+501821A,94.5639,50.3059,3.336,0.521,2022,,AGEL,2022AJ....164..148T
AGEL075524+344540A,118.848,34.761,2.635,0.722,2022,,AGEL,2022AJ....164..148T
AGEL084847-035104A,132.1968,-3.8511,1.55,0.682,2025,,AGEL,2025arXiv250308041B
AGEL084910-041227A,132.2896,-4.2074,1.54,0.722,2025,,AGEL,2025arXiv250308041B
AGEL084934-043353A,132.3926,-4.5646,2.4,0.373,2025,,AGEL,2025arXiv250308041B
AGEL084943+294328A,132.4294072,29.72437048,2.057,0.68,2025,,AGEL,2025arXiv250308041B
AGEL084960-025143A,132.499,-2.8619,2.09,0.274,2025,,AGEL,2025arXiv250308041B
AGEL085019-034711A,132.5795,-3.7863,3.25,0.337,2025,,AGEL,2025arXiv250308041B
AGEL085328-023745A,133.3655,-2.6292,2.44,0.774,2025,,AGEL,2025arXiv250308041B
AGEL085504-023607A,133.7648,-2.602,0.351,0.622,2025,,AGEL,2025arXiv250308041B
AGEL085540-014730A,133.9172,-1.7918,3.39,0.365,2025,,AGEL,2025arXiv250308041B
AGEL085560-040918A,133.9996,-4.1549,2.95,0.419,2025,GALAXY,AGEL,2025arXiv250308041B
AGEL085938-010213A,134.9088,-1.037,0.51,0.52,2025,,AGEL,2025arXiv250308041B
AGEL090106-025907A,135.2752,-2.9852,1.19,0.67,2025,,AGEL,2025arXiv250308041B
AGEL090408-005953A,136.033,-0.998,2.36,0.611,2025,GALAXY,AGEL,2025arXiv250308041B
AGEL091126+141757A,137.8568,14.2991,1.206,0.546,2025,,AGEL,2025arXiv250308041B
AGEL091905+033639A,139.7691583,3.61072384,2.193,0.444,2025,,AGEL,2025arXiv250308041B
AGEL091935+303156A,139.896,30.5323,1.812,0.427,2022,,AGEL,2022AJ....164..148T
AGEL092315+182943A,140.811,18.4954,2.418,0.873,2022,,AGEL,2022AJ....164..148T
AGEL093333+091919A,143.3887078,9.3219309,2.435,0.743,2022,,AGEL,2022AJ....164..148T
AGEL094328-015453A,145.8652163,-1.91481863,2.125,0.45,2025,,AGEL,2025arXiv250308041B
AGEL094412+322039A,146.0493047,32.34410368,2.828,0.595,2022,,AGEL,2022AJ....164..148T
AGEL095922+020639A,149.8407,2.1107,3.35,0.552,2025,GALAXY,AGEL,2025arXiv250308041B
AGEL101807-000812A,154.5307,-0.1368,1.74,0.372,2025,,AGEL,2025arXiv250308041B
AGEL103027-064109A,157.6134729,-6.68581626,1.583,0.468,2022,,AGEL,2022AJ....164..148T
AGEL104056-010359A,160.2351,-1.0663,1.21,0.25,2025,,AGEL,2025arXiv250308041B
AGEL110154-060232A,165.4754,-6.0423,1.676,0.484,2025,,AGEL,2025arXiv250308041B
AGEL114159+191815A,175.4961132,19.30405799,3.008,1.443,2025,,AGEL,2025arXiv250308041B
AGEL120535+411044A,181.3975,41.179,2.658,0.661,2025,,AGEL,2025arXiv250308041B
AGEL125146+014256A,192.9428,1.7155,1.63,0.74,2025,,AGEL,2025arXiv250308041B
AGEL132304+034319A,200.7671833,3.72206752,1.016,0.353,2022,,AGEL,2022AJ....164..148T
AGEL133041+044015A,202.669,4.6707,1.169,0.336,2022,,AGEL,2022AJ....164..148T
AGEL133145+513431A,202.9388,51.5753,2.052,0.289,2022,,AGEL,2022AJ....164..148T
AGEL134333+415503A,205.886888,41.91763425,2.093,0.418,2025,,AGEL,2025arXiv250308041B
AGEL134333+415503B,205.886888,41.91763425,2.843,0.418,2025,,AGEL,2025arXiv250308041B
AGEL135950+553550A,209.9567,55.5973,2.77,0.783,2025,,AGEL,2025arXiv250308041B
AGEL140454+520024A,211.2269,52.0068,1.59,0.456,2025,GALAXY,AGEL,2025arXiv250308041B
AGEL140650+522619A,211.7097,52.4386,1.47,0.716,2025,,AGEL,2025arXiv250308041B
AGEL140839+253104A,212.1614436,25.51779418,1.289,0.663,2022,,AGEL,2022AJ....164..148T
AGEL141137+565119A,212.9043,56.8553,1.42,0.322,2025,,AGEL,2025arXiv250308041B
AGEL142003+523138A,215.0142,52.5272,1.41,0.39,2025,,AGEL,2025arXiv250308041B
AGEL142032+525822A,215.1325,52.9728,0.99,0.38,2025,,AGEL,2025arXiv250308041B
AGEL142060+563008A,215.2494,56.5021,3.12,0.483,2025,,AGEL,2025arXiv250308041B
AGEL142719-064515A,216.8279587,-6.75412601,1.513,0.265,2022,,AGEL,2022AJ....164..148T
AGEL142731+551645A,216.8803,55.2792,2.58,0.41,2025,,AGEL,2025arXiv250308041B
AGEL144149+144121B,220.4549,14.6891,2.34,0.741,2025,,AGEL,2025arXiv250308041B
AGEL150745+052256A,226.9381065,5.38230017,2.164,0.595,2022,,AGEL,2022AJ....164..148T
AGEL150925+390140A,227.3528,39.0279,1.523,0.682,2025,,AGEL,2025arXiv250308041B
AGEL152560+084639A,231.4997837,8.77743936,1.951,0.602,2025,,AGEL,2025arXiv250308041B
AGEL153929+165016A,234.8707,16.8379,1.253,0.41,2025,,AGEL,2025arXiv250308041B
AGEL155417+044339A,238.5691128,4.72756462,1.721,0.778,2022,,AGEL,2022AJ....164..148T
AGEL162401+012901A,246.0062,1.4836,2.367,1.092,2025,,AGEL,2025arXiv250308041B
AGEL171922+244117A,259.8395862,24.68796297,2.279,0.529,2022,,AGEL,2022AJ....164..148T
AGEL193558+580909A,293.9927,58.1525,3.551,0.577,2022,,AGEL,2022AJ....164..148T
AGEL201419-575701A,303.58076,-57.950411,2.191,0.717,2025,,AGEL,2025arXiv250308041B
AGEL204312-060954A,310.802,-6.1649,1.892,0.791,2022,,AGEL,2022AJ....164..148T
AGEL211005-563931A,317.52247,-56.65849,1.182,0.5,2025,,AGEL,2025arXiv250308041B
AGEL211243+000921A,318.17974,0.15577,2.36,0.445,2025,,AGEL,2025arXiv250308041B
AGEL211627-594702A,319.11382,-59.78382,1.412,0.395,2022,,AGEL,2022AJ....164..148T
AGEL212252-005949A,320.716669,-0.996998,0.928,0.349,2025,,AGEL,2025arXiv250308041B
AGEL212326+015312A,320.8584,1.8867,1.18,0.563,2022,,AGEL,2022AJ....164..148T
AGEL212512-650427A,321.300117,-65.074076,2.223,0.779,2022,,AGEL,2022AJ....164..148T
AGEL213758-012924A,324.49176,-1.48996,1.458,0.273,2022,,AGEL,2022AJ....164..148T
AGEL214915-001252A,327.3138,-0.21431,1.945,0.453,2022,,AGEL,2022AJ....164..148T
AGEL215844+025730A,329.682,2.9584,2.081,0.287,2022,,AGEL,2022AJ....164..148T
AGEL220329+020519A,330.8709,2.0886,2.15,0.4,2025,GALAXY,AGEL,2025arXiv250308041B
AGEL220507+014704A,331.2788,1.7844,2.52,0.476,2025,GALAXY,AGEL,2025arXiv250308041B
AGEL221326-000946A,333.3591,-0.1629,3.45,0.338,2025,,AGEL,2025arXiv250308041B
AGEL221912-434835A,334.80166,-43.809752,2.168,0.71,2022,,AGEL,2022AJ....164..148T
AGEL221929-001743A,334.8725,-0.2954,1.02,0.289,2025,,AGEL,2025arXiv250308041B
AGEL222013+010606A,335.0536,1.1018,1.07,0.232,2025,,AGEL,2025arXiv250308041B
AGEL222149+011543A,335.4534,1.2619,2.35,0.325,2025,,AGEL,2025arXiv250308041B
AGEL222218+001203A,335.5735,0.2008,1.36,0.436,2025,,AGEL,2025arXiv250308041B
AGEL222609+004142A,336.53876,0.69504,1.896,0.647,2022,,AGEL,2022AJ....164..148T
AGEL224405+275916A,341.0206,27.9877,0.96,0.343,2022,,AGEL,2022AJ....164..148T
AGEL230305-511502A,345.76962,-51.2505,2.568,0.514,2025,,AGEL,2025arXiv250308041B
AGEL230522-000212A,346.34025,-0.03655,1.838,0.492,2022,,AGEL,2022AJ....164..148T
AGEL231112-454658A,347.79872,-45.78281,1.555,0.504,2025,,AGEL,2025arXiv250308041B
AGEL231935+115016A,349.8938468,11.83776237,1.99,0.542,2022,,AGEL,2022AJ....164..148T
AGEL233459-640407A,353.74665,-64.0686,2.495,0.701,2025,,AGEL,2025arXiv250308041B
AGEL233552-515218A,353.966362,-51.871614,2.225,0.566,2022,,AGEL,2022AJ....164..148T
AGEL233610-020735A,354.0428,-2.1264,2.663,0.494,2022,,AGEL,2022AJ....164..148T
AGEL235934+020824A,359.8897,2.1399,1.119,0.43,2025,GALAXY,AGEL,2025arXiv250308041B
CL0024,6.64792,16.43778,1.675,0.39,2005,,SLED,2005ApJ...627...32S
J0030-3358,7.6741,-33.9765,1.58,0.715,2021,QUASAR,SLED,2021ApJ...909...27H
A68,9.27833,17.16408,1.6,0.255,2005,,SLED,2005ApJ...627...32S
J003753.21-094220.1...,9.47171,-9.70558,0.6322,0.1954,2004,GALAXY,SLED,2004AJ....127.1860B
J0041-4155,10.27676,-41.92668,2.5618,0.7317,2017,GALAXY,SLED,2017ApJS..232...15D
COOLJ0101+2055,15.43764,20.92882,3.459,0.8708,2023,,SLED,2023ApJ...950...58Z
J0104-5341,16.09836,-53.69944,1.2318,0.65,2017,GALAXY,SLED,2017ApJS..232...15D
J0104-0757,16.2202,-7.952,3.48,1.0037,2021,,SLED,2021ApJ...909...27H
DESJ0112-1650,18.1412,-16.841,0.99,0.54,2020,QUASAR,SLED,2020MNRAS.494.3491L
SDSSJ0114+0722,18.65991,7.37458,1.828,0.408,2016,QUASAR,SLED,2016MNRAS.456.1595M
J0120-5143,20.17598,-51.73141,1.2955,0.53,2017,GALAXY,SLED,2017ApJS..232...15D
J0124-0033,21.23943,-0.5533,2.84,0.211,2019,QUASAR,SLED,2019MNRAS.483.4242L
FIRSTJ0134-0931,23.64858,-9.51747,2.216,0.7645,2002,QUASAR,SLED,2002ApJ...564..133G
J0138-2155,24.5155,-21.9256,1.95,0.338,2021,SN,SLED,2021NatAs...5.1118R
J0140-1152,25.0125,-11.8719,1.805,0.277,2018,QUASAR,SLED,2018MNRAS.475.2086A
SDSSJ0143-1006,25.98575,-10.10936,1.1046,0.221,2017,GALAXY,SLED,2017ApJ...851...48S
J0145+1018,26.2765,10.31,3.31,0.463,2021,,SLED,2021ApJ...909...27H
J014659.99+135213.8,26.74996,13.8705,0.1971,0.0644,2015,,SLED,2015A&A...581A..99F
SDSSJ0159-0006,29.87558,-0.10344,0.7477,0.1584,2017,GALAXY,SLED,2017ApJ...851...48S
J0203+1612,30.9977,16.20213,2.18,0.488,2019,QUASAR,SLED,2019MNRAS.483.4242L
J021247-05555,33.1994,-5.9312,2.74,0.75,2013,,SLED,2013ApJ...777...97S
J0220-3833,35.24032,-38.55092,1.48,0.36,2019,,SLED,2019ApJS..243...17J
RCS0224,36.12842,1.00719,4.879,0.77,2005,,SLED,2005ApJ...627...32S
HSCJ022622-042522,36.593,-4.423,2.146,1.119,2020,GALAXY,SLED,2020A&A...636A..87C
J0227-4516,36.79098,-45.27531,1.2526,0.4347,2017,GALAXY,SLED,2017ApJS..232...15D
J023307-043838,38.27937,-4.64395,1.869,0.671,2012,GALAXY,SLED,2012ApJ...749...38M
J023817.77-054555.5,39.57402,-5.76542,1.763,0.599,2018,GALAXY,SLED,2018PASJ...70S..29S
A370,39.97125,-2.19436,0.724,0.375,2005,,SLED,2005ApJ...627...32S
J0247-0800,41.9561,-8.015,3.28,0.198,2023,QUASAR,SLED,2023MNRAS.520.3305L
A383,42.01375,-39.49525,1.01,0.189,2005,,SLED,2005ApJ...627...32S
J024933.37-080549.4,42.38904,-8.09706,0.2695,0.0298,2015,,SLED,2015A&A...581A..99F
DESJ0250–0008,42.535,0.13795,1.2081,0.841,2016,GALAXY,SLED,2016ApJ...827...51N
SDSSJ0256+0153,44.16983,1.89147,2.6,0.603,2016,QUASAR,SLED,2016MNRAS.456.1595M
J0310-5545,47.7029,-55.7534,2.31,0.298,2023,QUASAR,SLED,2023MNRAS.520.3305L
SDSSJ0324+0045,51.06454,0.75153,0.9199,0.321,2017,GALAXY,SLED,2017ApJ...851...48S
SDSSJ032454.50-011029.1,51.22708,-1.17475,0.624,0.4453,2004,GALAXY,SLED,2004AJ....127.1860B
DESJ0329–2820,52.36963,-28.32763,1.2976,0.655,2016,GALAXY,SLED,2016ApJ...827...51N
J0330–5228,52.73722,-52.47028,1.4541,0.46,2016,GALAXY,SLED,2016ApJ...827...51N
FORJ0332-3557,53.24975,-35.96436,3.773,0.986,2005,GALAXY,SLED,2005A&A...436L..21C
COOLJ0335-1927,53.7679,-19.4657,3.27,0.4178,2023,GALAXY,SLED,2023ApJ...954L..38N
J034008-254539,55.0358,-25.7609,1.68,0.2943,2020,QUASAR,SLED,2020MNRAS.494.3491L
J034311-282839,55.7978,-28.4779,1.655,0.385,2021,GALAXY,SLED,2021ApJ...909...27H
J0347-2154,56.769,-21.9095,0.81,0.187,2023,QUASAR,SLED,2023MNRAS.520.3305L
J0357-4756,59.30752,-47.94633,0.9156,0.2755,2017,GALAXY,SLED,2017ApJS..232...15D
2MASXJ04035024-0239275,60.95933,-2.65764,0.1916,0.0661,2018,,SLED,2018MNRAS.478.1595C
J0405-3730,61.2721,-37.5128,3.585,0.2295,2023,QUASAR,SLED,2023ApJS..269...61D
DESJ0407-1931,61.9741,-19.5225,2.26,0.288,2020,QUASAR,SLED,2020MNRAS.494.3491L
J0408-5354,62.0905,-53.8999,2.375,0.597,2017,QUASAR,SLED,2017ApJS..232...15D
J0416+7428,64.1972,74.4827,0.9,0.097,2023,QUASAR,SLED,2023MNRAS.520.3305L
J0418-5457,64.54117,-54.95973,1.4236,0.613,2017,GALAXY,SLED,2017ApJS..232...15D
J0439-5243,69.94558,-52.73202,8,1.327,2015,GALAXY,SLED,2015MNRAS.453.3068B
MS0440,70.79042,0.81139,0.5317,0.19,2005,,SLED,2005ApJ...627...32S
J0446–5126,71.55365,-51.44238,3.2068,0.746,2016,GALAXY,SLED,2016ApJ...827...51N
RXJ0451,72.9775,-1.58189,2.007,0.43,2005,,SLED,2005ApJ...627...32S
MS0451,73.54417,-3.529,2.91,0.55,2005,,SLED,2005ApJ...627...32S
J0457-7820,74.3483,-78.3466,3.145,0.629,2023,QUASAR,SLED,2023MNRAS.520.3305L
DESJ0516-2208,79.01322,-22.14642,3.549,0.658,2019,,SLED,2019ApJS..243...17J
J054257-212533,85.7394,-21.4281,1.84,0.61,2022,QUASAR,SLED,2022ApJ...932..107S
J060356-355805,90.98545,-35.96825,0.962,0.488,2019,,SLED,2019ApJS..243...17J
J0635+6452,98.9864,64.8715,1.845,0.427,2023,QUASAR,SLED,2023ApJS..269...61D
J0643+2725,100.9259,27.4276,1.562,0.185,2023,QUASAR,SLED,2023MNRAS.520.3305L
J0659+1629,104.76682,16.48577,3.083,0.766,2019,QUASAR,SLED,2019A&A...622A.165D
PKS0745,116.88042,17.47358,0.433,0.103,2005,,SLED,2005ApJ...627...32S
SDSSJ0753+3416,118.44254,34.27597,0.9628,0.1371,2017,GALAXY,SLED,2017ApJ...851...48S
SDSSJ0754+1927,118.61883,19.45781,0.7401,0.1534,2017,GALAXY,SLED,2017ApJ...851...48S
SDSSJ0757+1956,119.45408,19.93786,0.8326,0.1206,2017,GALAXY,SLED,2017ApJ...851...48S
SDSSJ0821+4542,125.4944,45.71233,2.066,0.349,2016,QUASAR,SLED,2016MNRAS.456.1595M
SDSSJ0826+5630,126.66604,56.50997,1.2907,0.1318,2017,GALAXY,SLED,2017ApJ...851...48S
J083051.0+013225,127.7125,1.54028,3.634,0.626,2017,,SLED,2017MNRAS.465.3558N
SDSSJ0832+0404,128.071,4.06792,1.115,0.659,2008,QUASAR,SLED,2008AJ....135..496I
J0837+0801,129.25504,8.02164,0.6406,0.4248,2017,GALAXY,SLED,2017MNRAS.465.3185O
J0840+3550,130.13842,35.83334,1.77,0.26,2018,QUASAR,SLED,2018MNRAS.479.5060L
SDSSJ0847+2348,131.86533,23.80542,0.5327,0.1551,2017,GALAXY,SLED,2017ApJ...851...48S
GC0848N,132.20542,2.93981,3.356,0.543,2005,,SLED,2005ApJ...627...32S
J085107.30+150343.4,132.78042,15.06206,0.2061,0.0699,2015,,SLED,2015A&A...581A..99F
SDSSJ0851+0505,132.92454,5.08528,0.6371,0.1276,2017,GALAXY,SLED,2017ApJ...851...48S
J085620.98+650324.0,134.08742,65.05667,0.3389,0.0675,2015,,SLED,2015A&A...581A..99F
HATLASJ090045.4+004125,135.19083,0.68972,6.027,0.776,2018,GALAXY,SLED,2018NatAs...2...56Z
J0901+2027,135.33854,20.46122,0.586,0.3108,2017,GALAXY,SLED,2017MNRAS.465.3185O
J090302.9-014127,135.76208,-1.69083,2.3049,0.9435,2017,,SLED,2017MNRAS.465.3558N
J090311.6+003907,135.79833,0.65194,3.042,0.2999,2017,,SLED,2017MNRAS.465.3558N
J090740.0-004200,136.91667,-0.7,1.577,0.6129,2017,,SLED,2017MNRAS.465.3558N
J091043.0-000322,137.67917,-0.05611,1.786,0.793,2017,,SLED,2017MNRAS.465.3558N
J0911-0948,137.7845,-9.8054,1.47,0.251,2023,QUASAR,SLED,2023MNRAS.520.3305L
RXJ0911.4+0551,137.86471,5.84834,2.763,0.769,1997,QUASAR,SLED,1997A&A...317L..13B
J091148.92+041852.9,137.954,4.315,2.627,0.861,2020,,SLED,2020A&A...636A..87C
J091304.9-005344,138.27042,-0.89556,2.626,0.2201,2017,,SLED,2017MNRAS.465.3558N
J0913+4237,138.44021,42.62523,0.539,0.3946,2017,GALAXY,SLED,2017MNRAS.465.3185O
A773,139.47292,-25.37661,1.114,0.217,2005,,SLED,2005ApJ...627...32S
J091843.38-022007.3,139.68075,-2.33537,0.804,0.46,2020,QUASAR,SLED,2020MNRAS.494.3156J
SDSSJ0920+3028,140.20117,30.47175,0.3918,0.2881,2017,GALAXY,SLED,2017ApJ...851...48S
J0920+4521,140.20815,45.36613,2.633,0.55,2022,GALAXY,SLED,2022ApJ...932..107S
J0921+3020,140.2685,30.3421,3.335,0.428,2023,QUASAR,SLED,2023MNRAS.520.3305L
SDSSJ0921+2854,140.3144,28.9123,1.41,0.445,2016,QUASAR,SLED,2016MNRAS.456.1595M
J0924+4235,141.1243,42.5947,3.17,0.415,2023,QUASAR,SLED,2023MNRAS.520.3305L
J0930+2855,142.57256,28.91673,0.4594,0.3051,2012,,SLED,2012MNRAS.422.3574B
J0936-1211,144.2494,-12.1836,2,0.26,2023,QUASAR,SLED,2023MNRAS.520.3305L
J0941+0518,145.34355,5.307,1.54,0.343,2018,QUASAR,SLED,2018MNRAS.479.5060L
J0949+4208,147.4783,42.13381,1.27,0.51,2018,QUASAR,SLED,2018MNRAS.479.5060L
SDSSJ0955+3014,148.98954,30.24747,0.4671,0.3214,2017,GALAXY,SLED,2017ApJ...851...48S
SDSSJ0956+5539,149.22846,55.66308,0.8483,0.1959,2017,GALAXY,SLED,2017ApJ...851...48S
J100143.50+133212.4,150.43125,13.53678,0.0846,0.0337,2015,,SLED,2015A&A...581A..99F
CXCOJ100201.50+020330.0,150.5063,2.0581,2.016,0.439,2021,QUASAR,SLED,2021MNRAS.502.1487J
J1003+0651,150.7886,6.8501,2.565,0.225,2023,QUASAR,SLED,2023MNRAS.520.3305L
SDSSJ1010+3124,152.61163,31.40489,0.4245,0.1668,2017,GALAXY,SLED,2017ApJ...851...48S
SDSSJ101129.49+014323.3,152.87288,1.72314,2.701,0.3308,2006,GALAXY,SLED,2006ApJ...646L..45B
J1016+3859,154.09525,38.98425,0.4394,0.1679,2008,,SLED,2008ApJ...682..964B
A963,154.26542,7.26931,0.771,0.206,2005,,SLED,2005ApJ...627...32S
J1021+2028,155.43508,20.47773,0.3507,0.1208,2012,,SLED,2012MNRAS.422.3574B
J102403.67+245139.3,156.01529,24.86092,0.1961,0.1062,2015,,SLED,2015A&A...581A..99F
SDSSJ1029+2623,157.30765,26.39171,2.199,0.584,2006,QUASAR,SLED,2006ApJ...653L..97I
SDSSJ1031+3026,157.83754,30.44942,0.7469,0.1671,2017,GALAXY,SLED,2017ApJ...851...48S
SDSSJ1040+3626,160.24375,36.44128,0.2846,0.1225,2017,GALAXY,SLED,2017ApJ...851...48S
SDSSJ1041+0112,160.34517,1.20669,0.2172,0.1006,2017,GALAXY,SLED,2017ApJ...851...48S
J104356.09+044443.4,160.98371,4.74539,0.3323,0.1511,2015,,SLED,2015A&A...581A..99F
SDSSJ1048+1313,162.03913,13.23136,0.6679,0.133,2017,GALAXY,SLED,2017ApJ...851...48S
SDSSJ1051+4439,162.78913,44.65233,0.538,0.1634,2017,GALAXY,SLED,2017ApJ...851...48S
SDSSJ1056+4141,164.24,41.68739,0.8318,0.1343,2017,GALAXY,SLED,2017ApJ...851...48S
SDSSJ1101+1523,165.30467,15.39431,0.5169,0.178,2017,GALAXY,SLED,2017ApJ...851...48S
J110840.85+190836.4,167.17021,19.14344,0.1027,0.0677,2015,,SLED,2015A&A...581A..99F
J1111+2234,167.86676,22.58073,0.9887,0.2223,2012,,SLED,2012MNRAS.422.3574B
A1201,168.22708,71.53706,0.451,0.151,2005,,SLED,2005ApJ...627...32S
SDSSJ1116+0729,169.17358,7.49597,0.686,0.1697,2017,GALAXY,SLED,2017ApJ...851...48S
SDSSJ111749.50+014036.9,169.45625,1.67693,2.157,0.584,2019,,SLED,2019MNRAS.482..313L
J112202.44+162917.0,170.51017,16.48806,0.1576,0.1062,2015,,SLED,2015A&A...581A..99F
J1125+3058,171.30787,30.96822,0.6884,0.4419,2017,GALAXY,SLED,2017MNRAS.465.3185O
SDSSJ1127+2312,171.91121,23.21231,0.361,0.1303,2017,GALAXY,SLED,2017ApJ...851...48S
RXJ1133,173.305,71.14981,1.544,0.394,2005,,SLED,2005ApJ...627...32S
SDSSJ1137+1818,174.36917,18.30342,0.4627,0.1241,2017,GALAXY,SLED,2017ApJ...851...48S
SDSSJ1142+2509,175.65925,25.1515,0.6595,0.164,2017,GALAXY,SLED,2017ApJ...851...48S
J1144+1540,176.11833,15.6776,0.705,0.3715,2017,GALAXY,SLED,2017MNRAS.465.3185O
SDSSJ1144+0436,176.16717,4.61403,0.2551,0.1036,2017,GALAXY,SLED,2017ApJ...851...48S
J114553.15+410049.7,176.47146,41.01381,0.1641,0.033,2015,,SLED,2015A&A...581A..99F
MACSJ1149_GLSN,177.3978,22.3955,1.49,0.54,2015,SN,SLED,2015Sci...347.1123K
J115252.26+004733.1,178.21776,0.79251,3.76,0.466,2017,,SLED,2017MNRAS.465.2411M
B1152+199,178.82639,19.66146,1.019,0.439,1999,QUASAR,SLED,1999AJ....117.2565M
J115537.16+631101.6,178.90483,63.18378,0.1485,0.1219,2015,,SLED,2015A&A...581A..99F
J1207+5255,181.9031,52.9176,1.9257,0.3428,2021,,SLED,2021ApJ...909...27H
SDSSJ1213+2930,183.2655,29.50622,0.5954,0.0906,2017,GALAXY,SLED,2017ApJ...851...48S
SDSSJ121650.13+500700.2,184.20888,50.11674,2.7894,0.6613,2019,,SLED,2019MNRAS.482..313L
J1218+5648,184.52779,56.80142,0.6,0.3177,2017,GALAXY,SLED,2017MNRAS.465.3185O
J121925.33+273255.0,184.85554,27.54861,0.1047,0.0801,2015,,SLED,2015A&A...581A..99F
J4J122456.016+005048.05,186.2334,0.84668,1.1,0.2372,2020,,SLED,2020ApJ...899...30L
SDSSJ122502.89-000907.8,186.26204,-0.15218,2.4395,0.4868,2019,,SLED,2019MNRAS.482..313L
J1233-0227,188.4219,-2.4604,1.598,0.345,2023,QUASAR,SLED,2023ApJS..269...61D
HRS188.6868+7.1357,188.6868,7.1357,4.72,1.48,2020,GALAXY,SLED,2021A&A...653A...6C
COOLJ1241+2219,190.3752,22.3294,5.043,1.001,2021,GALAXY,SLED,2021ApJ...906..107K
J1248+4711,192.19925,47.18495,0.5276,0.3042,2017,GALAXY,SLED,2017MNRAS.465.3185O
SDSSJ1254+1857,193.6682,18.95333,1.717,0.6412,2016,QUASAR,SLED,2016MNRAS.456.1595M
J125632.4+233627,194.135,23.6075,3.565,0.2551,2017,,SLED,2017MNRAS.465.3558N
SDSSJ1301+0834,195.36196,8.57367,0.5331,0.0902,2017,GALAXY,SLED,2017ApJ...851...48S
J1303+1816,195.7765,18.2781,2.95,0.46,2023,QUASAR,SLED,2023MNRAS.520.3305L
J1307+0642,196.92947,6.70376,2.03,0.23,2019,QUASAR,SLED,2019MNRAS.483.4242L
2M1310-1714,197.5835,-17.24939,1.975,0.293,2018,QUASAR,SLED,2018MNRAS.476..927L
J131105.31+022528.3,197.77212,2.42453,0.1186,0.0674,2015,,SLED,2015A&A...581A..99F
A1689,197.8725,56.90681,3.05,0.183,2005,,SLED,2005ApJ...627...32S
J1323+3946,200.99612,39.7759,0.4637,0.3192,2017,GALAXY,SLED,2017MNRAS.465.3185O
J132427.0+284449,201.1125,28.74694,1.676,0.997,2017,,SLED,2017MNRAS.465.3558N
SDSSJ1326+4806,201.50006,48.11208,2.078,0.396,2019,QUASAR,SLED,2019MNRAS.489.4741S
J132630.1+334407,201.62542,33.73528,2.951,0.7856,2017,,SLED,2017MNRAS.465.3558N
J1326+3020,201.741,30.34,1.852,0.339,2023,QUASAR,SLED,2023MNRAS.520.3305L
J133008.5+245900,202.53542,24.98333,3.1112,0.4276,2017,,SLED,2017MNRAS.465.3558N
SDSSJ1330+1750,202.63079,17.84456,0.3717,0.2074,2017,GALAXY,SLED,2017ApJ...851...48S
J133542.9+300401,203.92875,30.06694,2.685,0.98,2017,,SLED,2017MNRAS.465.3558N
J134429.4+303034,206.1225,30.50944,2.301,0.6721,2017,,SLED,2017MNRAS.465.3558N
J1356+0339,209.0944,3.6524,3.753,0.2619,2021,,SLED,2021ApJ...909...27H
MS1358,209.96042,7.86314,4.92,0.33,2005,,SLED,2005ApJ...627...32S
SDSSJ1403+3309,210.79025,33.15492,0.772,0.0625,2017,GALAXY,SLED,2017ApJ...851...48S
J141136.52-010215.6,212.902,-1.038,3.021,0.949,2020,,SLED,2020A&A...636A..87C
J141351.9-000026,213.46625,-0.00722,2.4782,0.547,2017,,SLED,2017MNRAS.465.3558N
J141546.21-011112.5,213.94254,-1.18681,0.149,0.0499,2015,GALAXY,SLED,2015A&A...581A..99F
SDSSJ142310.55+231928.1,215.79396,23.32449,2.4099,0.4717,2019,,SLED,2019MNRAS.482..313L
J142413.9+022303,216.05792,2.38417,4.243,0.595,2017,,SLED,2017MNRAS.465.3558N
J142935.3-002836,217.39708,-0.47667,1.027,0.2184,2017,,SLED,2017MNRAS.465.3558N
J142954.80+120235.6,217.47833,12.04322,2.82,0.5531,2017,GALAXY,SLED,2017ApJ...834L..18M
SDSSJ1430+6104,217.64483,61.068,0.6537,0.1688,2017,GALAXY,SLED,2017ApJ...851...48S
J143322+600713,218.3457,60.1209,2.74,0.407,2021,QUASAR,SLED,2021ApJ...909...27H
SDSSJ1433+2835,218.46508,28.58786,0.4115,0.0912,2017,GALAXY,SLED,2017ApJ...851...48S
J143428.11+470111.5,218.61713,47.01987,2.3913,0.51,2019,GALAXY,SLED,2019MNRAS.482..313L
J144320.64-012537.1,220.836,-1.427,1.703,0.89,2020,GALAXY,SLED,2020A&A...636A..87C
GC1444,221.02833,64.37381,1.151,0.298,2005,,SLED,2005ApJ...627...32S
J1446+3856,221.62583,38.949,0.5858,0.3175,2017,GALAXY,SLED,2017MNRAS.465.3185O
SDSSJ1452+4224,223.0479,42.40822,4.819,0.382,2016,QUASAR,SLED,2016MNRAS.456.1595M
J145237.94+091835.4,223.15808,9.30983,0.1627,0.0547,2015,,SLED,2015A&A...581A..99F
J150032.76+262539.7,225.1365,26.42769,0.0842,0.0632,2015,,SLED,2015A&A...581A..99F
MS1512,228.59333,36.36642,2.72,0.372,2005,,SLED,2005ApJ...627...32S
J1526-1400,231.6891,-14.003,0.648,0.096,2023,QUASAR,SLED,2023MNRAS.520.3305L
SDSSJ1537+3014,234.3935,30.24825,1.553,0.49,2016,QUASAR,SLED,2016MNRAS.456.1595M
SDSSJ1541+3642,235.34275,36.70883,0.7389,0.1406,2017,GALAXY,SLED,2017ApJ...851...48S
SDSSJ1543+2202,235.91642,22.03978,0.3966,0.2681,2017,GALAXY,SLED,2017ApJ...851...48S
J1548-2914,237.1733,-29.2351,1.545,0.38,2023,QUASAR,SLED,2023MNRAS.520.3305L
SDSSJ1550+2020,237.54425,20.33708,0.3501,0.1351,2017,GALAXY,SLED,2017ApJ...851...48S
SDSSJ1553+3004,238.31721,30.07378,0.5663,0.1604,2017,GALAXY,SLED,2017ApJ...851...48S
J1602+4526,240.70535,45.43528,2.16,0.43,2018,QUASAR,SLED,2018MNRAS.479.5060L
J1605+3811,241.347,38.19832,0.5418,0.3065,2017,GALAXY,SLED,2017MNRAS.465.3185O
J1606+2235,241.52954,22.58649,0.6545,0.381,2017,GALAXY,SLED,2017MNRAS.465.3185O
SDSSJ1607+2147,241.91871,21.78636,0.4865,0.2089,2017,GALAXY,SLED,2017ApJ...851...48S
J161037.33+000832.7,242.65554,0.14242,0.1074,0.0627,2015,,SLED,2015A&A...581A..99F
J161527.44+270706.1,243.86433,27.11836,0.0964,0.0455,2015,,SLED,2015A&A...581A..99F
J1619+2024,244.80262,20.40777,0.6132,0.3635,2017,GALAXY,SLED,2017MNRAS.465.3185O
SDSSJ1633+1441,248.434,14.69858,0.5804,0.1281,2017,GALAXY,SLED,2017ApJ...851...48S
A2218,248.95542,37.51892,2.515,0.176,2005,,SLED,2005ApJ...627...32S
A2219,250.0825,20.89433,2.73,0.225,2005,,SLED,2005ApJ...627...32S
SDSSJ1640+1932,250.19029,19.54921,0.778,0.195,2017,QUASAR,SLED,2017MNRAS.468.3757W
GRALJ1651-0417,252.772,-4.29027,1.451,0.591,2019,QUASAR,SLED,2019sf2a.conf..179D
J165958.80+355609.4,254.995,35.93594,0.294,0.0827,2015,,SLED,2015A&A...581A..99F
J170124.01+372258.09,255.35004,37.38278,0.7902,0.1217,2017,GALAXY,SLED,2017MNRAS.464L..46S
A2259,260.04042,16.76992,1.477,0.164,2005,,SLED,2005ApJ...627...32S
SN-2022qmx,263.93467,4.83247,0.3544,0.2262,2023,SN,SLED,2023NatAs...7.1098G
WGD2021-4115,305.4144,-41.26587,1.39,0.335,2018,QUASAR,SLED,2018MNRAS.479.4345A
J2038-4008,309.5113,-40.1371,0.775,0.228,2018,QUASAR,SLED,2018MNRAS.479.4345A
MS2053,314.08917,51.73361,3.146,0.58,2005,,SLED,2005ApJ...627...32S
J210014.90-445206.4,315.06191,-44.86851,0.92,0.203,2019,QUASAR,SLED,2019MNRAS.489.2525A
iPTF16geu,316.0662,-6.3402,0.409,0.216,2017,SN,SLED,2017Sci...356..291G
J2106-4944,316.507,-49.7482,1.296,0.29,2023,QUASAR,SLED,2023MNRAS.520.3305L
J210607.89-004756.6,316.53287,-0.79906,0.1146,0.0348,2015,GALAXY,SLED,2015A&A...581A..99F
J2113-0114,318.48465,-1.24061,0.7943,0.53,2017,GALAXY,SLED,2017ApJS..232...15D
MACSJ2135.2-0102,323.80304,-1.02861,3.0743,0.73,2007,GALAXY,SLED,2007ApJ...654L..33S
MS2137,325.06208,14.1725,1.502,0.313,2005,,SLED,2005ApJ...627...32S
J214425.43+114423.0,326.10596,11.73972,0.2184,0.0259,2015,,SLED,2015A&A...581A..99F
A2390,328.40375,79.10803,1.033,0.228,2005,,SLED,2005ApJ...627...32S
J215813.68+003228.7,329.557,0.54131,0.1326,0.0557,2015,,SLED,2015A&A...581A..99F
J2205+1019,331.4161,10.3307,1.78,0.108,2023,QUASAR,SLED,2023MNRAS.520.3305L
SDSSJ2222+2745,335.5354,27.7594,2.82,0.49,2013,QUASAR,SLED,2013ApJ...773..146D
J2228-0018,337.17,-0.30468,0.4366,0.2387,2017,GALAXY,SLED,2017MNRAS.465.3185O
CL2244,341.80083,46.94258,2.237,0.33,2005,,SLED,2005ApJ...627...32S
AC114,344.70125,48.08419,1.867,0.312,2005,,SLED,2005ApJ...627...32S
SDSSJ2309-0039,347.44292,-0.65358,1.0048,0.2905,2005,GALAXY,SLED,2005MNRAS.363.1369W
J2321-4630,350.36794,-46.51363,1.7469,0.6427,2017,GALAXY,SLED,2017ApJS..232...15D
SDSSJ2324+0105,351.11567,1.09958,0.2775,0.1899,2017,GALAXY,SLED,2017ApJ...851...48S
VDESJ2325-5229,351.4217,-52.4875,2.739,0.4,2017,QUASAR,SLED,2017MNRAS.465.4325O
KIDSJ232940-340922,352.4167,-34.1561,1.59,0.381,2020,,SLED,2020ApJ...904L..31N
J232943.08+152219.9,352.4295,15.37219,0.1029,0.0463,2015,,SLED,2015A&A...581A..99F
J233129.22+005217.1,352.87175,0.87142,0.3158,0.1393,2015,,SLED,2015A&A...581A..99F
J233505.83-101625.2,353.77429,-10.27367,0.2105,0.0596,2015,,SLED,2015A&A...581A..99F
J2336–5352,354.02972,-53.87658,1.1528,0.5,2016,GALAXY,SLED,2016ApJ...827...51N
J2349-5113,357.37525,-51.22752,1.3932,0.48,2017,GALAXY,SLED,2017ApJS..232...15D
J2351-5452,357.90857,-54.88168,0.9057,0.43,2011,,SLED,2011ApJ...742...48B
A2667,357.91417,-8.65183,1.034,0.2264,2005,,SLED,2005ApJ...627...32S